Country,MID,Weights,Rebills Attempts,Rebills SR%,Rebills Negative Rate%,do_not_honor,psp_risk_block,psp_risk_block_recoverable,card_limit_exceeded,mid_config_error,connector_error,code_not_mapped,request_invalid,3d_error
AU,2,1,30,0.4666666666666667,0.13333333333333333,4,0,0,0,0,0,0,0,0
AU,3,40,15,0.4666666666666667,0.0,0,0,0,0,0,0,0,0,0
AU,4,1,107,0.308411214953271,0.3925233644859813,42,0,0,0,0,0,0,0,0
AU,5,1,66,0.22727272727272727,0.3939393939393939,26,0,0,0,0,0,0,0,0
AU,6,20,90,0.18888888888888888,0.45555555555555555,41,0,0,0,0,0,0,0,0
AU,22,38,48,0.20833333333333334,0.25,4,8,0,0,0,0,4,0,0
AU,23,38,16,0.125,0.4375,5,2,0,0,0,0,0,0,0
AU,24,40,62,0.24193548387096775,0.41935483870967744,7,10,9,0,0,0,0,0,0
AU,25,20,55,0.2,0.2,1,9,1,0,0,1,0,0,0
AU,26,20,46,0.10869565217391304,0.5,12,11,0,0,0,0,0,0,0
AU,52,2,464,0.22413793103448276,0.35129310344827586,150,0,13,0,0,0,0,0,0
AU,53,1,387,0.20930232558139536,0.32041343669250644,118,0,6,0,0,0,0,1,0
AU,54,1,382,0.24607329842931938,0.36649214659685864,115,0,25,0,0,0,0,0,0
AU,55,1,294,0.24149659863945577,0.36054421768707484,101,0,5,0,0,0,0,0,0
AU,56,2,286,0.17832167832167833,0.3706293706293706,101,0,5,0,0,0,0,3,0
AU,62,1,334,0.25748502994011974,0.4041916167664671,112,0,23,0,0,0,0,0,0
AU,63,10,299,0.23076923076923078,0.34448160535117056,94,0,9,0,0,0,0,6,0
AU,64,30,222,0.3963963963963964,0.23873873873873874,47,0,6,0,0,0,0,0,0
AU,65,2,338,0.23964497041420119,0.27218934911242604,78,0,14,0,0,0,0,0,0
AU,66,1,189,0.2804232804232804,0.31746031746031744,54,0,6,0,0,0,0,1,0
AU,83,0,151,0.2251655629139073,0.11920529801324503,0,18,0,0,0,0,0,0,0
AU,84,0,22,0.18181818181818182,0.36363636363636365,0,8,0,0,0,0,0,0,0
AU,85,0,77,0.24675324675324675,0.3116883116883117,0,24,0,0,0,0,0,0,0
AU,86,1,31,0.4838709677419355,0.2903225806451613,0,9,0,0,0,0,0,0,0
AU,87,1,52,0.25,0.0,0,0,0,0,0,0,0,0,0
AU,88,2,445,0.1258426966292135,0.49213483146067416,191,0,28,0,0,0,0,6,0
AU,89,30,173,0.24277456647398843,0.30057803468208094,44,0,8,0,0,0,0,3,0
AU,90,2,468,0.1346153846153846,0.41452991452991456,166,0,28,0,0,0,0,2,0
AU,91,1,184,0.23369565217391305,0.32065217391304346,57,0,2,0,0,0,0,0,0
AU,92,85,181,0.2596685082872928,0.3756906077348066,65,0,3,0,0,0,0,0,0
AU,98,38,6,0.16666666666666666,0.5,0,3,0,0,0,0,1,0,0
AU,99,38,10,0.4,0.1,1,0,0,0,0,0,0,0,0
AU,100,38,6,0.5,0.16666666666666666,1,0,0,0,0,0,0,0,0
AU,101,38,5,0.8,0.0,0,0,0,0,0,0,0,0,0
AU,102,38,7,0.42857142857142855,0.5714285714285714,4,0,0,0,0,0,0,0,0
AU,109,5,4,0.25,0.0,0,0,0,0,0,0,0,0,0
AU,110,5,5,0.0,0.0,0,0,0,0,0,0,0,0,0
AU,112,5,6,0.0,0.0,0,0,0,0,0,0,0,0,0
AU,218,0,3,0.0,0.3333333333333333,0,1,0,0,0,0,0,0,0
AU,219,1,5,0.2,0.2,0,1,0,0,0,0,0,0,0
AU,220,1,13,0.07692307692307693,0.46153846153846156,0,6,0,0,0,0,0,0,0
AU,221,0,36,0.08333333333333333,0.1111111111111111,0,4,0,0,0,0,0,0,0
AU,222,30,5,0.0,1.0,0,5,0,0,0,0,0,0,0
CA,2,40,1,1.0,0.0,0,0,0,0,0,0,0,0,0
CA,3,10,4,0.75,0.25,1,0,0,0,0,0,0,0,0
CA,4,10,12,0.4166666666666667,0.25,3,0,0,0,0,0,0,0,0
CA,5,80,11,0.36363636363636365,0.36363636363636365,4,0,0,0,0,0,0,0,0
CA,6,30,18,0.4444444444444444,0.2777777777777778,5,0,0,0,0,0,0,0,0
CA,23,38,2,0.5,0.0,0,0,0,0,0,0,1,0,0
CA,24,70,4,0.0,1.0,0,4,0,0,0,0,0,0,0
CA,25,80,1,1.0,0.0,0,0,0,0,0,0,0,0,0
CA,52,1,146,0.14383561643835616,0.589041095890411,42,0,44,0,0,0,0,0,0
CA,53,1,118,0.11864406779661017,0.6779661016949152,50,0,30,0,0,0,0,0,0
CA,54,10,22,0.13636363636363635,0.6818181818181818,8,0,7,0,0,0,0,0,0
CA,55,2,196,0.16326530612244897,0.673469387755102,52,0,80,0,0,0,0,0,0
CA,56,0,132,0.12121212121212122,0.5606060606060606,34,0,40,0,0,0,0,0,0
CA,62,0,129,0.046511627906976744,0.7364341085271318,35,0,60,0,0,0,0,0,0
CA,63,1,25,0.12,0.76,14,0,5,0,0,0,0,0,0
CA,64,10,57,0.08771929824561403,0.6491228070175439,12,0,25,0,0,0,0,2,0
CA,65,1,90,0.1,0.7333333333333333,53,0,13,0,0,0,0,0,0
CA,66,1,1,1.0,0.0,0,0,0,0,0,0,0,0,0
CA,83,1,8,0.125,0.875,2,5,0,0,0,0,0,0,0
CA,84,0,6,0.0,0.0,0,0,0,0,0,0,0,0,0
CA,85,0,26,0.4230769230769231,0.2692307692307692,0,7,0,0,0,0,0,0,0
CA,86,40,12,0.25,0.0,0,0,0,0,0,0,0,0,0
CA,87,40,12,0.25,0.25,0,3,0,0,0,0,0,0,0
CA,88,1,104,0.0673076923076923,0.6923076923076923,29,0,42,1,0,0,0,6,0
CA,89,10,47,0.0851063829787234,0.7021276595744681,16,0,17,0,0,0,0,0,0
CA,90,10,25,0.04,0.72,8,0,10,0,0,0,0,0,0
CA,91,10,5,0.6,0.2,1,0,0,0,0,0,0,0,0
CA,92,38,14,0.35714285714285715,0.42857142857142855,2,0,2,2,0,0,0,0,0
CA,99,38,9,0.0,0.3333333333333333,0,0,3,0,0,4,0,0,0
CA,101,38,1,0.0,0.0,0,0,0,0,0,0,0,0,0
CA,102,38,2,0.5,0.0,0,0,0,0,0,0,1,0,0
CA,109,5,1,1.0,0.0,0,0,0,0,0,0,0,0,0
CA,218,0,7,0.14285714285714285,0.0,0,0,0,0,0,0,0,0,0
CA,219,0,2,1.0,0.0,0,0,0,0,0,0,0,0,0
CA,220,0,6,0.0,0.0,0,0,0,0,0,0,0,0,0
CA,222,1,3,0.0,0.3333333333333333,0,1,0,0,0,0,0,0,0
CH,2,10,92,0.14130434782608695,0.6847826086956522,63,0,0,0,0,0,0,0,0
CH,3,10,113,0.168141592920354,0.6283185840707964,71,0,0,0,0,0,0,0,0
CH,4,10,86,0.2441860465116279,0.5813953488372093,46,0,0,4,0,0,0,0,0
CH,5,65,491,0.18737270875763748,0.5580448065173116,264,0,0,10,0,0,0,0,0
CH,6,40,314,0.10828025477707007,0.7484076433121019,230,0,0,5,0,0,1,0,0
CH,22,38,23,0.391304347826087,0.043478260869565216,0,0,1,0,0,0,0,0,0
CH,23,38,15,0.13333333333333333,0.0,0,0,0,0,0,0,0,0,0
CH,24,38,24,0.3333333333333333,0.25,5,0,1,0,0,0,7,0,0
CH,25,20,9,0.5555555555555556,0.0,0,0,0,0,0,0,0,0,0
CH,26,140,33,0.24242424242424243,0.45454545454545453,11,1,0,3,0,0,7,0,0
CH,52,250,1034,0.25918762088974856,0.32978723404255317,218,0,99,24,0,0,0,1,0
CH,53,100,1484,0.25673854447439354,0.40970350404312667,377,0,193,38,0,0,0,0,0
CH,54,150,1591,0.28472658705216847,0.3997485857950974,419,0,175,42,0,0,0,5,1
CH,55,200,1819,0.2638812534359538,0.3336998350742166,366,0,200,41,0,0,0,4,0
CH,56,200,1219,0.2797374897456932,0.347005742411813,269,0,121,33,0,0,0,2,0
CH,62,1,1077,0.1457753017641597,0.6638811513463324,369,0,330,16,0,0,0,0,0
CH,63,150,919,0.2132752992383025,0.5081610446137106,302,0,158,7,0,0,0,7,0
CH,64,10,1883,0.12267657992565056,0.6643653744025492,474,0,741,36,0,0,0,0,0
CH,65,200,1045,0.21818181818181817,0.49186602870813395,274,0,213,27,0,0,0,0,0
CH,66,1,24,0.2916666666666667,0.625,9,0,6,0,0,0,0,0,0
CH,83,40,728,0.18681318681318682,0.15247252747252749,14,78,0,19,0,0,0,0,0
CH,84,55,590,0.22033898305084745,0.25084745762711863,19,121,0,8,0,0,0,0,0
CH,85,20,682,0.1656891495601173,0.23020527859237536,15,128,0,14,0,0,0,0,0
CH,86,150,70,0.21428571428571427,0.35714285714285715,0,15,0,10,0,0,0,0,0
CH,87,93,300,0.21333333333333335,0.23333333333333334,7,55,0,8,0,1,0,0,0
CH,88,170,1118,0.16905187835420393,0.6395348837209303,212,0,476,27,0,0,0,0,0
CH,89,100,905,0.25082872928176797,0.481767955801105,294,0,123,19,0,0,0,0,0
CH,90,80,619,0.24717285945072698,0.47334410339256866,180,0,102,11,0,0,0,1,0
CH,91,1,97,0.17525773195876287,0.4948453608247423,42,0,3,3,0,0,0,0,0
CH,92,20,252,0.21031746031746032,0.5317460317460317,115,0,17,2,0,0,0,0,0
CH,98,1,117,0.3333333333333333,0.5299145299145299,11,15,34,2,0,0,1,0,0
CH,99,1,171,0.11695906432748537,0.6783625730994152,5,13,92,6,0,0,20,0,0
CH,100,400,110,0.4090909090909091,0.32727272727272727,8,5,17,6,0,0,2,0,0
CH,101,1,86,0.11627906976744186,0.5697674418604651,0,1,48,0,0,0,16,0,0
CH,102,1,59,0.22033898305084745,0.4576271186440678,1,2,24,0,0,0,4,0,0
CH,108,5,70,0.32857142857142857,0.11428571428571428,0,0,7,1,0,0,0,0,0
CH,109,1,173,0.1676300578034682,0.4393063583815029,6,5,65,0,0,0,0,0,0
CH,110,1,13,0.46153846153846156,0.0,0,0,0,0,0,0,2,0,0
CH,112,1,91,0.26373626373626374,0.10989010989010989,7,2,1,0,0,0,10,0,0
CH,218,50,192,0.421875,0.16145833333333334,0,29,0,2,0,0,0,0,0
CH,219,60,366,0.46174863387978143,0.12021857923497267,8,23,0,13,0,0,0,0,0
CH,220,50,276,0.2608695652173913,0.2608695652173913,0,65,0,7,0,0,0,0,0
CH,221,20,342,0.39766081871345027,0.11988304093567251,3,27,0,11,0,0,0,0,0
CH,222,20,153,0.22875816993464052,0.20261437908496732,0,30,0,1,0,1,0,0,0
ES,2,1,66,0.22727272727272727,0.696969696969697,40,0,0,4,2,0,0,0,0
ES,3,1,83,0.30120481927710846,0.6024096385542169,46,0,0,4,0,0,0,0,0
ES,4,100,338,0.1893491124260355,0.6449704142011834,182,0,0,33,3,0,3,0,0
ES,5,78,325,0.20307692307692307,0.6030769230769231,151,0,0,43,2,0,0,0,0
ES,6,0,21,0.14285714285714285,0.5714285714285714,10,0,0,2,0,0,0,0,0
ES,22,98,45,0.15555555555555556,0.4888888888888889,3,15,1,3,0,0,7,0,0
ES,23,38,19,0.2631578947368421,0.15789473684210525,0,1,0,2,0,0,0,0,0
ES,24,20,36,0.25,0.4722222222222222,10,6,1,0,0,0,0,0,0
ES,25,105,32,0.25,0.4375,1,8,1,4,0,0,7,0,0
ES,26,5,70,0.18571428571428572,0.6428571428571429,4,31,1,9,0,0,1,0,0
ES,52,1,41,0.2926829268292683,0.5609756097560976,13,0,8,2,0,0,0,0,0
ES,53,10,56,0.26785714285714285,0.3392857142857143,9,0,7,3,0,0,0,0,0
ES,54,10,61,0.3114754098360656,0.5409836065573771,16,0,2,15,0,0,0,1,0
ES,55,30,114,0.21929824561403508,0.5614035087719298,18,0,29,17,0,0,0,1,0
ES,56,10,62,0.27419354838709675,0.4838709677419355,5,0,16,9,0,0,0,0,0
ES,62,1,33,0.42424242424242425,0.30303030303030304,6,0,4,0,0,0,0,0,0
ES,63,10,65,0.18461538461538463,0.676923076923077,12,0,26,6,0,0,0,0,0
ES,64,30,189,0.15873015873015872,0.6031746031746031,28,0,56,30,0,0,0,0,0
ES,65,10,68,0.1323529411764706,0.7205882352941176,27,0,19,3,0,0,0,0,0
ES,66,1,19,0.5263157894736842,0.2631578947368421,3,0,0,2,0,0,0,1,0
ES,83,1,140,0.16428571428571428,0.37142857142857144,0,11,0,41,0,0,0,0,0
ES,84,1,30,0.36666666666666664,0.26666666666666666,0,2,0,6,0,0,0,0,0
ES,85,1,33,0.42424242424242425,0.030303030303030304,0,1,0,0,0,0,0,0,0
ES,86,1,17,0.35294117647058826,0.35294117647058826,0,6,0,0,0,0,0,0,0
ES,87,1,24,0.25,0.375,0,1,0,8,0,0,0,0,0
ES,88,1,34,0.23529411764705882,0.4411764705882353,4,0,11,0,0,0,0,0,0
ES,89,10,97,0.17525773195876287,0.5876288659793815,24,0,21,12,0,0,0,0,0
ES,90,1,25,0.28,0.6,0,0,14,1,0,0,0,0,0
ES,91,1,22,0.18181818181818182,0.5909090909090909,6,0,2,5,0,0,0,0,0
ES,92,10,48,0.3125,0.25,5,0,6,1,0,0,0,0,0
ES,98,38,19,0.3157894736842105,0.42105263157894735,0,4,2,2,0,0,3,0,0
ES,99,5,4,1.0,0.0,0,0,0,0,0,0,0,0,0
ES,100,10,7,0.14285714285714285,0.7142857142857143,0,5,0,0,0,0,0,0,0
ES,101,38,17,0.5294117647058824,0.29411764705882354,4,0,0,1,0,0,0,0,0
ES,102,5,7,0.42857142857142855,0.2857142857142857,0,1,0,1,0,0,0,0,0
ES,109,5,15,0.0,0.7333333333333333,0,5,0,6,0,0,1,0,0
ES,110,5,4,0.0,1.0,0,0,1,3,0,0,0,0,0
ES,111,5,20,0.15,0.55,0,5,0,6,0,0,1,0,0
ES,112,5,5,0.2,0.2,0,0,0,1,0,0,1,0,0
ES,218,1,67,0.2537313432835821,0.29850746268656714,0,0,0,20,0,0,0,0,0
ES,219,150,110,0.15454545454545454,0.4727272727272727,0,11,0,41,0,0,0,0,0
ES,220,1,52,0.11538461538461539,0.1346153846153846,0,6,0,1,0,0,0,0,0
ES,221,250,365,0.20821917808219179,0.32602739726027397,0,28,0,91,0,0,0,0,0
ES,222,5,23,0.17391304347826086,0.043478260869565216,0,0,0,1,0,0,0,0,0
FI,54,30,6,0.0,0.6666666666666666,0,0,4,0,0,0,0,0,0
FI,55,30,1,1.0,0.0,0,0,0,0,0,0,0,0,0
FI,56,30,1,1.0,0.0,0,0,0,0,0,0,0,0,0
FI,62,30,1,1.0,0.0,0,0,0,0,0,0,0,0,0
FI,63,30,2,1.0,0.0,0,0,0,0,0,0,0,0,0
FI,65,30,5,0.4,0.0,0,0,0,0,0,0,0,0,0
FI,83,30,3,0.0,1.0,0,0,0,3,0,0,0,0,0
FI,88,30,1,1.0,0.0,0,0,0,0,0,0,0,0,0
FI,92,38,1,1.0,0.0,0,0,0,0,0,0,0,0,0
FI,112,5,1,1.0,0.0,0,0,0,0,0,0,0,0,0
FI,219,110,2,1.0,0.0,0,0,0,0,0,0,0,0,0
FI,220,110,1,1.0,0.0,0,0,0,0,0,0,0,0,0
FR,2,70,3,0.3333333333333333,0.0,0,0,0,0,0,0,0,0,0
FR,4,55,1,1.0,0.0,0,0,0,0,0,0,0,0,0
FR,5,110,1,1.0,0.0,0,0,0,0,0,0,0,0,0
FR,22,38,5,0.8,0.0,0,0,0,0,0,0,0,0,0
FR,23,59,30,0.26666666666666666,0.43333333333333335,0,6,7,0,0,1,2,0,0
FR,24,20,14,0.07142857142857142,0.42857142857142855,0,6,0,0,0,0,0,0,0
FR,25,85,30,0.16666666666666666,0.7,0,2,19,0,0,0,0,0,0
FR,26,5,31,0.25806451612903225,0.16129032258064516,1,2,2,0,0,0,2,0,0
FR,52,150,637,0.17739403453689168,0.5180533751962323,171,17,142,0,0,0,0,2,0
FR,53,100,547,0.15722120658135283,0.5978062157221207,149,12,166,0,0,0,0,0,0
FR,54,150,599,0.19365609348914858,0.5492487479131887,168,5,156,0,0,0,0,0,0
FR,55,10,507,0.1992110453648915,0.5680473372781065,171,19,98,0,0,0,0,0,0
FR,56,1,510,0.20588235294117646,0.5274509803921569,117,1,151,0,0,0,0,0,0
FR,62,1,466,0.15879828326180256,0.5708154506437768,120,4,142,0,0,0,0,0,0
FR,63,37,128,0.2109375,0.6328125,49,0,32,0,0,0,0,0,0
FR,64,1,180,0.2388888888888889,0.5666666666666667,69,2,31,0,0,0,0,0,0
FR,65,200,410,0.1902439024390244,0.5560975609756098,111,0,117,0,0,0,0,0,6
FR,66,1,13,0.46153846153846156,0.23076923076923078,0,0,3,0,0,0,0,0,0
FR,83,31,403,0.16129032258064516,0.533498759305211,2,213,0,0,0,0,0,0,0
FR,84,0,429,0.039627039627039624,0.7808857808857809,1,334,0,0,0,0,0,0,0
FR,85,1,38,0.23684210526315788,0.47368421052631576,0,18,0,0,0,0,0,0,0
FR,86,1,41,0.21951219512195122,0.4146341463414634,0,17,0,0,0,0,0,0,0
FR,87,20,227,0.16299559471365638,0.5682819383259912,4,125,0,0,0,0,0,0,0
FR,88,1,232,0.14224137931034483,0.5301724137931034,39,1,83,0,0,0,0,0,0
FR,89,1,481,0.09147609147609148,0.7276507276507277,135,9,206,0,0,0,0,6,0
FR,90,1,74,0.35135135135135137,0.4864864864864865,13,5,18,0,0,0,0,1,0
FR,91,1,72,0.4444444444444444,0.3055555555555556,9,6,7,0,0,0,0,0,0
FR,92,20,229,0.2096069868995633,0.6069868995633187,59,2,78,0,0,0,0,0,0
FR,98,38,16,0.375,0.0625,0,0,1,0,0,0,0,0,0
FR,99,50,32,0.15625,0.65625,0,8,13,0,0,0,2,0,0
FR,100,38,39,0.15384615384615385,0.48717948717948717,5,5,9,0,0,0,2,0,0
FR,101,50,8,0.375,0.25,0,1,1,0,0,0,1,0,0
FR,102,20,38,0.18421052631578946,0.5263157894736842,1,9,10,0,0,0,0,0,0
FR,109,5,29,0.1724137931034483,0.41379310344827586,6,0,6,0,0,0,0,0,0
FR,110,5,14,0.14285714285714285,0.35714285714285715,2,3,0,0,0,0,2,0,0
FR,111,5,28,0.25,0.6071428571428571,6,2,9,0,0,0,0,0,0
FR,112,5,17,0.23529411764705882,0.7058823529411765,5,7,0,0,0,0,1,0,0
FR,218,20,470,0.11914893617021277,0.6553191489361702,8,300,0,0,0,0,0,0,0
FR,219,50,291,0.12714776632302405,0.6254295532646048,4,178,0,0,0,0,0,0,0
FR,220,0,354,0.059322033898305086,0.7344632768361582,4,256,0,0,0,0,0,0,0
FR,221,150,439,0.29157175398633256,0.33940774487471526,3,146,0,0,0,0,0,3,0
FR,222,0,124,0.056451612903225805,0.6129032258064516,0,76,0,0,0,0,0,0,0
HU,2,30,2,0.5,0.0,0,0,0,0,0,0,0,0,0
HU,3,30,11,0.36363636363636365,0.2727272727272727,0,0,0,3,0,0,0,0,0
HU,4,30,7,0.2857142857142857,0.7142857142857143,5,0,0,0,0,0,0,0,0
HU,5,1,10,0.1,0.6,6,0,0,0,0,0,0,0,0
HU,6,30,5,0.2,0.0,0,0,0,0,0,0,0,0,0
HU,22,38,1,0.0,1.0,1,0,0,0,0,0,0,0,0
HU,24,105,4,0.0,0.5,1,1,0,0,0,0,0,0,0
HU,25,120,5,0.2,0.0,0,0,0,0,0,0,2,0,0
HU,52,1,32,0.3125,0.03125,1,0,0,0,0,0,0,1,0
HU,53,30,18,0.3333333333333333,0.0,0,0,0,0,0,0,0,0,0
HU,54,10,12,0.08333333333333333,0.25,3,0,0,0,0,0,0,0,0
HU,55,10,26,0.038461538461538464,0.23076923076923078,6,0,0,0,0,0,0,3,0
HU,56,30,25,0.08,0.24,6,0,0,0,0,0,0,4,0
HU,62,30,30,0.13333333333333333,0.26666666666666666,8,0,0,0,0,0,0,0,0
HU,63,30,27,0.2222222222222222,0.037037037037037035,0,0,0,1,0,0,0,0,0
HU,64,90,11,0.2727272727272727,0.45454545454545453,5,0,0,0,0,0,0,0,0
HU,65,10,1,1.0,0.0,0,0,0,0,0,0,0,0,0
HU,66,38,1,1.0,0.0,0,0,0,0,0,0,0,0,0
HU,83,30,35,0.17142857142857143,0.22857142857142856,0,2,0,6,0,0,0,0,0
HU,84,1,17,0.4117647058823529,0.17647058823529413,0,0,0,3,0,0,0,6,0
HU,85,1,34,0.11764705882352941,0.17647058823529413,0,0,0,6,0,0,0,0,0
HU,86,40,9,0.1111111111111111,0.0,0,0,0,0,0,0,0,0,0
HU,87,40,13,0.15384615384615385,0.0,0,0,0,0,0,0,0,0,0
HU,88,30,17,0.17647058823529413,0.0,0,0,0,0,0,0,0,0,0
HU,89,10,5,0.2,0.0,0,0,0,0,0,0,0,0,0
HU,90,30,11,0.18181818181818182,0.36363636363636365,4,0,0,0,0,0,0,0,0
HU,91,40,1,0.0,0.0,0,0,0,0,0,0,0,0,0
HU,92,38,3,0.3333333333333333,0.0,0,0,0,0,0,0,0,2,0
HU,109,5,1,1.0,0.0,0,0,0,0,0,0,0,0,0
HU,112,5,4,0.5,0.0,0,0,0,0,0,0,0,0,0
HU,218,100,30,0.13333333333333333,0.03333333333333333,0,1,0,0,0,0,0,0,0
HU,219,1,45,0.2,0.15555555555555556,0,0,0,7,0,0,0,0,0
HU,220,1,82,0.25609756097560976,0.012195121951219513,0,1,0,0,0,0,0,0,0
HU,221,1,26,0.23076923076923078,0.0,0,0,0,0,0,0,0,0,0
HU,222,100,28,0.21428571428571427,0.0,0,0,0,0,0,0,0,0,0
IT,2,1,11,0.45454545454545453,0.18181818181818182,2,0,0,0,0,0,0,0,0
IT,3,80,85,0.11764705882352941,0.3176470588235294,27,0,0,0,0,0,0,0,2
IT,4,1,20,0.25,0.4,8,0,0,0,0,0,0,0,0
IT,5,182,119,0.1092436974789916,0.20168067226890757,24,0,0,0,0,0,0,0,4
IT,6,1,14,0.14285714285714285,0.5714285714285714,8,0,0,0,0,0,0,0,0
IT,22,38,25,0.0,0.12,3,0,0,0,0,0,0,0,0
IT,23,38,21,0.0,0.14285714285714285,1,2,0,0,0,0,0,0,0
IT,24,20,20,0.05,0.0,0,0,0,0,0,0,0,0,0
IT,25,45,7,0.2857142857142857,0.0,0,0,0,0,0,0,0,0,0
IT,26,60,37,0.10810810810810811,0.02702702702702703,1,0,0,0,0,0,0,0,0
IT,52,20,1114,0.07809694793536805,0.27289048473967686,253,0,49,2,0,0,0,45,0
IT,53,50,1232,0.08603896103896104,0.29545454545454547,262,0,97,5,0,0,0,20,0
IT,54,200,893,0.07166853303471445,0.2206047032474804,151,0,46,0,0,0,0,1,0
IT,55,40,808,0.06930693069306931,0.35396039603960394,229,0,56,1,0,0,0,28,0
IT,56,150,728,0.08241758241758242,0.25274725274725274,130,0,54,0,0,0,0,2,0
IT,62,80,830,0.0927710843373494,0.20722891566265061,140,0,32,0,0,0,0,37,0
IT,63,30,936,0.0876068376068376,0.36752136752136755,244,0,100,0,0,0,0,21,0
IT,64,20,301,0.07973421926910298,0.37209302325581395,111,0,1,0,0,0,0,21,0
IT,65,60,1579,0.0766307789740342,0.305256491450285,351,0,129,2,0,0,0,40,0
IT,66,40,545,0.10091743119266056,0.28807339449541286,136,0,21,0,0,0,0,20,0
IT,83,1,81,0.09876543209876543,0.24691358024691357,0,20,0,0,0,0,0,0,0
IT,84,150,851,0.09518213866039953,0.26439482961222094,3,222,0,0,0,0,0,3,0
IT,85,10,100,0.15,0.24,0,24,0,0,0,0,0,2,0
IT,86,100,41,0.14634146341463414,0.04878048780487805,0,2,0,0,0,0,0,0,0
IT,87,1,94,0.10638297872340426,0.1702127659574468,0,16,0,0,0,0,0,0,0
IT,88,0,670,0.03134328358208955,0.6119402985074627,349,0,61,0,0,0,0,109,10
IT,89,0,992,0.023185483870967742,0.6300403225806451,507,0,118,0,0,0,0,150,3
IT,90,0,1152,0.030381944444444444,0.6397569444444444,545,0,192,0,0,0,0,189,5
IT,91,1,2,0.0,1.0,2,0,0,0,0,0,0,0,0
IT,92,1,729,0.04252400548696845,0.5829903978052127,315,2,108,0,0,0,0,87,9
IT,98,1,60,0.08333333333333333,0.3,10,4,3,1,0,0,0,0,0
IT,99,1,47,0.10638297872340426,0.1702127659574468,5,0,3,0,0,0,0,0,0
IT,100,1,55,0.10909090909090909,0.21818181818181817,12,0,0,0,0,0,0,0,0
IT,101,10,61,0.04918032786885246,0.29508196721311475,7,2,0,9,0,0,0,1,0
IT,102,10,63,0.15873015873015872,0.06349206349206349,1,0,2,1,0,0,0,0,0
IT,109,1,81,0.06172839506172839,0.30864197530864196,25,0,0,0,0,0,0,0,0
IT,110,5,47,0.1276595744680851,0.3191489361702128,7,0,8,0,0,0,0,0,0
IT,111,5,46,0.13043478260869565,0.15217391304347827,5,2,0,0,0,0,0,0,0
IT,112,20,43,0.20930232558139536,0.32558139534883723,12,0,2,0,0,0,0,0,0
IT,218,15,104,0.11538461538461539,0.17307692307692307,0,14,0,4,0,0,0,0,0
IT,219,10,75,0.13333333333333333,0.22666666666666666,0,17,0,0,0,0,0,0,0
IT,220,1,170,0.08823529411764706,0.058823529411764705,0,10,0,0,0,0,0,0,0
IT,221,1,164,0.18292682926829268,0.17682926829268292,4,25,0,0,0,0,0,0,0
IT,222,1,29,0.0,0.4827586206896552,0,14,0,0,0,0,0,0,0
LT,2,1,6,0.8333333333333334,0.0,0,0,0,0,0,0,0,0,0
LT,3,1,2,1.0,0.0,0,0,0,0,0,0,0,0,0
LT,4,10,2,1.0,0.0,0,0,0,0,0,0,0,0,0
LT,5,1,10,0.2,0.1,1,0,0,0,0,0,0,0,0
LT,6,1,4,0.5,0.0,0,0,0,0,0,0,2,0,0
LT,22,38,10,0.0,0.0,0,0,0,0,0,0,0,0,0
LT,25,20,6,0.0,0.8333333333333334,0,5,0,0,0,0,0,0,0
LT,26,5,11,0.0,0.8181818181818182,3,0,6,0,0,0,0,0,0
LT,52,1,56,0.25,0.17857142857142858,10,0,0,0,0,0,0,0,0
LT,53,1,42,0.23809523809523808,0.19047619047619047,1,0,7,0,0,0,0,0,0
LT,54,1,19,0.10526315789473684,0.47368421052631576,4,0,5,0,0,0,0,0,0
LT,55,1,28,0.25,0.0,0,0,0,0,0,0,0,0,0
LT,56,1,61,0.16393442622950818,0.4426229508196721,19,0,8,0,0,0,0,1,0
LT,62,1,8,0.625,0.125,1,0,0,0,0,0,0,0,0
LT,63,1,36,0.2222222222222222,0.4722222222222222,11,0,6,0,0,0,0,0,0
LT,64,5,54,0.24074074074074073,0.14814814814814814,8,0,0,0,0,0,0,0,0
LT,65,1,56,0.07142857142857142,0.21428571428571427,12,0,0,0,0,0,0,0,0
LT,66,20,11,0.6363636363636364,0.18181818181818182,2,0,0,0,0,0,0,0,0
LT,83,1,23,0.21739130434782608,0.043478260869565216,0,1,0,0,0,0,0,0,0
LT,84,1,8,0.625,0.0,0,0,0,0,0,0,0,0,0
LT,85,1,70,0.24285714285714285,0.0,0,0,0,0,0,0,0,0,0
LT,86,1,36,0.3888888888888889,0.1388888888888889,0,5,0,0,0,0,0,0,0
LT,87,1,20,0.35,0.25,5,0,0,0,0,0,0,0,0
LT,88,1,23,0.043478260869565216,0.7391304347826086,16,0,1,0,0,0,0,0,0
LT,89,1,9,0.4444444444444444,0.0,0,0,0,0,0,0,0,0,0
LT,90,1,64,0.171875,0.53125,34,0,0,0,0,0,0,0,0
LT,91,1,17,0.17647058823529413,0.7058823529411765,7,0,5,0,0,0,0,0,0
LT,92,10,14,0.21428571428571427,0.7857142857142857,10,1,0,0,0,0,0,0,0
LT,98,38,3,1.0,0.0,0,0,0,0,0,0,0,0,0
LT,101,38,5,0.0,0.0,0,0,0,0,0,0,0,0,0
LT,102,38,2,0.0,0.0,0,0,0,0,0,0,0,0,0
LT,109,5,12,0.16666666666666666,0.4166666666666667,0,4,1,0,0,0,1,0,0
LT,110,5,11,0.09090909090909091,0.45454545454545453,0,5,0,0,0,0,1,0,0
LT,111,5,7,0.2857142857142857,0.0,0,0,0,0,0,0,0,0,0
LT,112,5,12,0.3333333333333333,0.0,0,0,0,0,0,0,0,0,0
LT,218,5,62,0.24193548387096775,0.08064516129032258,1,4,0,0,0,0,0,0,0
LT,219,1,74,0.14864864864864866,0.0,0,0,0,0,0,0,0,0,0
LT,220,1,65,0.2,0.12307692307692308,0,8,0,0,0,0,0,0,0
LT,221,1,110,0.35454545454545455,0.05454545454545454,2,4,0,0,0,0,0,0,0
LT,222,1,18,0.1111111111111111,0.0,0,0,0,0,0,0,0,0,0
