Country,MID,Weights,Initial Attempts,Initials SR%,Initials Negative Rate%,do_not_honor,psp_risk_block,psp_risk_block_recoverable,card_limit_exceeded,mid_config_error,connector_error,code_not_mapped,request_invalid,3d_error
AU,22.0,38.0,1.0,0.0,0.0,0.0,0.0,0.0,0.0,0.0,0.0,0.0,0.0,1.0
AU,24.0,40.0,3.0,0.3333333333333333,0.0,0.0,0.0,0.0,0.0,0.0,0.0,0.0,0.0,2.0
AU,25.0,20.0,2.0,0.0,0.0,0.0,0.0,0.0,0.0,0.0,0.0,0.0,0.0,2.0
AU,26.0,20.0,1.0,0.0,0.0,0.0,0.0,0.0,0.0,0.0,0.0,0.0,0.0,0.0
AU,52.0,2.0,59.0,0.4915254237288136,0.15254237288135594,8.0,0.0,1.0,0.0,0.0,0.0,0.0,0.0,9.0
AU,53.0,1.0,51.0,0.47058823529411764,0.23529411764705882,11.0,0.0,1.0,0.0,0.0,0.0,0.0,0.0,6.0
AU,54.0,1.0,62.0,0.3548387096774194,0.3387096774193548,20.0,0.0,1.0,0.0,0.0,0.0,0.0,0.0,8.0
AU,55.0,1.0,24.0,0.3333333333333333,0.4166666666666667,9.0,0.0,1.0,0.0,0.0,0.0,0.0,0.0,1.0
AU,56.0,2.0,24.0,0.2916666666666667,0.2916666666666667,6.0,0.0,1.0,0.0,0.0,0.0,0.0,0.0,6.0
AU,62.0,1.0,31.0,0.3548387096774194,0.41935483870967744,13.0,0.0,0.0,0.0,0.0,0.0,0.0,0.0,4.0
AU,63.0,10.0,45.0,0.4444444444444444,0.2222222222222222,10.0,0.0,0.0,0.0,0.0,0.0,0.0,0.0,3.0
AU,64.0,30.0,16.0,0.8125,0.125,2.0,0.0,0.0,0.0,0.0,0.0,0.0,0.0,0.0
AU,65.0,2.0,58.0,0.5344827586206896,0.2413793103448276,12.0,0.0,2.0,0.0,0.0,0.0,0.0,0.0,4.0
AU,83.0,0.0,15.0,0.13333333333333333,0.26666666666666666,1.0,3.0,0.0,0.0,0.0,0.0,0.0,2.0,2.0
AU,84.0,0.0,7.0,0.14285714285714285,0.42857142857142855,0.0,3.0,0.0,0.0,0.0,0.0,0.0,1.0,1.0
AU,85.0,0.0,9.0,0.2222222222222222,0.0,0.0,0.0,0.0,0.0,0.0,0.0,0.0,5.0,1.0
AU,88.0,2.0,53.0,0.49056603773584906,0.18867924528301888,9.0,0.0,1.0,0.0,0.0,0.0,0.0,0.0,9.0
AU,89.0,30.0,28.0,0.4642857142857143,0.21428571428571427,6.0,0.0,0.0,0.0,0.0,0.0,0.0,0.0,2.0
AU,90.0,2.0,47.0,0.48936170212765956,0.23404255319148937,10.0,0.0,1.0,0.0,0.0,0.0,0.0,0.0,6.0
AU,98.0,38.0,2.0,0.0,0.0,0.0,0.0,0.0,0.0,0.0,0.0,0.0,0.0,2.0
AU,99.0,38.0,2.0,0.0,0.0,0.0,0.0,0.0,0.0,0.0,0.0,0.0,0.0,1.0
AU,101.0,38.0,1.0,0.0,1.0,1.0,0.0,0.0,0.0,0.0,0.0,0.0,0.0,0.0
AU,109.0,5.0,4.0,0.25,0.0,0.0,0.0,0.0,0.0,0.0,0.0,0.0,0.0,3.0
AU,110.0,5.0,3.0,0.3333333333333333,0.0,0.0,0.0,0.0,0.0,0.0,0.0,0.0,0.0,2.0
AU,111.0,5.0,1.0,0.0,0.0,0.0,0.0,0.0,0.0,0.0,0.0,0.0,0.0,0.0
AU,112.0,5.0,3.0,0.0,0.0,0.0,0.0,0.0,0.0,0.0,0.0,0.0,0.0,2.0
AU,218.0,0.0,3.0,0.0,0.0,0.0,0.0,0.0,0.0,0.0,0.0,1.0,0.0,0.0
AU,219.0,1.0,7.0,0.0,0.0,0.0,0.0,0.0,0.0,0.0,0.0,0.0,5.0,0.0
AU,220.0,1.0,32.0,0.0625,0.03125,0.0,1.0,0.0,0.0,0.0,0.0,0.0,10.0,6.0
AU,221.0,0.0,26.0,0.3076923076923077,0.0,0.0,0.0,0.0,0.0,0.0,0.0,1.0,2.0,2.0
AU,222.0,30.0,21.0,0.047619047619047616,0.23809523809523808,0.0,5.0,0.0,0.0,0.0,0.0,1.0,3.0,3.0
CA,22.0,38.0,3.0,0.0,0.3333333333333333,1.0,0.0,0.0,0.0,0.0,0.0,0.0,0.0,0.0
CA,23.0,38.0,3.0,0.0,0.0,0.0,0.0,0.0,0.0,0.0,0.0,0.0,0.0,0.0
CA,24.0,70.0,6.0,0.0,0.0,0.0,0.0,0.0,0.0,0.0,0.0,0.0,0.0,1.0
CA,25.0,80.0,5.0,0.2,0.0,0.0,0.0,0.0,0.0,0.0,0.0,0.0,0.0,1.0
CA,26.0,5.0,4.0,0.0,0.5,2.0,0.0,0.0,0.0,0.0,0.0,0.0,0.0,0.0
CA,52.0,1.0,97.0,0.24742268041237114,0.4948453608247423,45.0,0.0,3.0,0.0,0.0,0.0,0.0,0.0,2.0
CA,53.0,1.0,41.0,0.14634146341463414,0.6097560975609756,24.0,0.0,1.0,0.0,0.0,0.0,0.0,0.0,2.0
CA,54.0,10.0,23.0,0.21739130434782608,0.4782608695652174,9.0,0.0,2.0,0.0,0.0,0.0,0.0,0.0,1.0
CA,55.0,2.0,141.0,0.3900709219858156,0.46808510638297873,60.0,0.0,6.0,0.0,0.0,0.0,0.0,0.0,5.0
CA,56.0,0.0,97.0,0.26804123711340205,0.5051546391752577,47.0,0.0,2.0,0.0,0.0,0.0,0.0,0.0,2.0
CA,62.0,0.0,80.0,0.25,0.5,36.0,0.0,4.0,0.0,0.0,0.0,0.0,0.0,2.0
CA,63.0,1.0,3.0,1.0,0.0,0.0,0.0,0.0,0.0,0.0,0.0,0.0,0.0,0.0
CA,64.0,10.0,26.0,0.19230769230769232,0.5384615384615384,14.0,0.0,0.0,0.0,0.0,0.0,0.0,0.0,0.0
CA,65.0,1.0,68.0,0.19117647058823528,0.5294117647058824,32.0,0.0,4.0,0.0,0.0,0.0,0.0,0.0,5.0
CA,83.0,1.0,18.0,0.05555555555555555,0.1111111111111111,0.0,2.0,0.0,0.0,0.0,0.0,0.0,3.0,4.0
CA,84.0,0.0,21.0,0.0,0.047619047619047616,0.0,1.0,0.0,0.0,0.0,0.0,0.0,4.0,1.0
CA,85.0,0.0,16.0,0.0,0.1875,0.0,3.0,0.0,0.0,0.0,0.0,0.0,1.0,5.0
CA,88.0,1.0,90.0,0.15555555555555556,0.6444444444444445,57.0,0.0,1.0,0.0,0.0,0.0,0.0,0.0,1.0
CA,89.0,10.0,21.0,0.23809523809523808,0.6190476190476191,12.0,0.0,1.0,0.0,0.0,0.0,0.0,0.0,0.0
CA,90.0,10.0,35.0,0.3142857142857143,0.6285714285714286,19.0,0.0,3.0,0.0,0.0,0.0,0.0,0.0,0.0
CA,98.0,38.0,1.0,0.0,0.0,0.0,0.0,0.0,0.0,0.0,0.0,0.0,0.0,0.0
CA,99.0,38.0,9.0,0.3333333333333333,0.0,0.0,0.0,0.0,0.0,0.0,0.0,0.0,0.0,0.0
CA,100.0,38.0,1.0,0.0,0.0,0.0,0.0,0.0,0.0,0.0,0.0,0.0,0.0,0.0
CA,101.0,38.0,7.0,0.14285714285714285,0.14285714285714285,1.0,0.0,0.0,0.0,0.0,0.0,0.0,0.0,1.0
CA,102.0,38.0,2.0,0.0,0.0,0.0,0.0,0.0,0.0,0.0,0.0,0.0,0.0,0.0
CA,109.0,5.0,6.0,0.16666666666666666,0.0,0.0,0.0,0.0,0.0,0.0,0.0,0.0,0.0,1.0
CA,110.0,5.0,4.0,0.0,0.25,0.0,0.0,1.0,0.0,0.0,0.0,0.0,0.0,1.0
CA,111.0,5.0,3.0,0.0,0.0,0.0,0.0,0.0,0.0,0.0,0.0,1.0,0.0,1.0
CA,112.0,5.0,2.0,0.0,0.0,0.0,0.0,0.0,0.0,0.0,0.0,0.0,0.0,0.0
CA,218.0,0.0,2.0,0.0,0.0,0.0,0.0,0.0,0.0,0.0,0.0,0.0,0.0,0.0
CA,220.0,0.0,1.0,0.0,0.0,0.0,0.0,0.0,0.0,0.0,0.0,0.0,0.0,0.0
CA,221.0,0.0,2.0,0.0,0.0,0.0,0.0,0.0,0.0,0.0,0.0,0.0,0.0,0.0
CA,222.0,1.0,18.0,0.05555555555555555,0.0,0.0,0.0,0.0,0.0,0.0,0.0,0.0,4.0,3.0
CH,22.0,38.0,13.0,0.5384615384615384,0.0,0.0,0.0,0.0,0.0,0.0,0.0,2.0,0.0,3.0
CH,23.0,38.0,4.0,0.75,0.0,0.0,0.0,0.0,0.0,0.0,0.0,0.0,0.0,0.0
CH,24.0,38.0,6.0,0.5,0.0,0.0,0.0,0.0,0.0,0.0,0.0,2.0,0.0,0.0
CH,25.0,20.0,2.0,0.5,0.0,0.0,0.0,0.0,0.0,0.0,0.0,1.0,0.0,0.0
CH,26.0,140.0,20.0,0.4,0.1,0.0,0.0,2.0,0.0,0.0,0.0,6.0,0.0,2.0
CH,52.0,250.0,438.0,0.5068493150684932,0.3242009132420091,33.0,0.0,107.0,2.0,0.0,0.0,0.0,0.0,55.0
CH,53.0,100.0,663.0,0.4358974358974359,0.39819004524886875,46.0,0.0,217.0,1.0,0.0,0.0,0.0,0.0,63.0
CH,54.0,150.0,804.0,0.44776119402985076,0.36069651741293535,67.0,0.0,222.0,1.0,0.0,0.0,0.0,0.0,97.0
CH,55.0,200.0,1076.0,0.4516728624535316,0.36152416356877326,78.0,0.0,305.0,6.0,0.0,0.0,0.0,0.0,141.0
CH,56.0,200.0,1094.0,0.44424131627056673,0.3491773308957952,80.0,0.0,301.0,1.0,0.0,0.0,0.0,1.0,157.0
CH,62.0,1.0,27.0,0.48148148148148145,0.25925925925925924,0.0,0.0,7.0,0.0,0.0,0.0,0.0,0.0,4.0
CH,63.0,150.0,342.0,0.45321637426900585,0.32748538011695905,22.0,0.0,88.0,2.0,0.0,0.0,0.0,1.0,45.0
CH,64.0,10.0,230.0,0.5652173913043478,0.1565217391304348,15.0,0.0,19.0,2.0,0.0,0.0,0.0,0.0,23.0
CH,65.0,200.0,596.0,0.4563758389261745,0.30201342281879195,31.0,0.0,147.0,2.0,0.0,0.0,0.0,0.0,85.0
CH,83.0,40.0,275.0,0.3418181818181818,0.3090909090909091,4.0,78.0,0.0,3.0,0.0,0.0,2.0,15.0,14.0
CH,84.0,55.0,513.0,0.253411306042885,0.3060428849902534,4.0,151.0,0.0,2.0,0.0,0.0,13.0,39.0,23.0
CH,85.0,20.0,387.0,0.25064599483204136,0.29457364341085274,5.0,106.0,0.0,3.0,0.0,0.0,3.0,22.0,25.0
CH,88.0,170.0,613.0,0.5073409461663948,0.24306688417618272,50.0,0.0,99.0,0.0,0.0,0.0,0.0,0.0,83.0
CH,89.0,100.0,724.0,0.4116022099447514,0.3356353591160221,55.0,0.0,186.0,2.0,0.0,0.0,0.0,0.0,107.0
CH,90.0,80.0,365.0,0.4,0.3315068493150685,37.0,0.0,83.0,1.0,0.0,0.0,0.0,0.0,70.0
CH,98.0,1.0,55.0,0.36363636363636365,0.2,1.0,0.0,9.0,1.0,0.0,0.0,10.0,0.0,9.0
CH,99.0,1.0,58.0,0.15517241379310345,0.43103448275862066,1.0,0.0,24.0,0.0,0.0,0.0,16.0,0.0,5.0
CH,100.0,400.0,41.0,0.6097560975609756,0.04878048780487805,0.0,0.0,2.0,0.0,0.0,0.0,5.0,0.0,6.0
CH,101.0,1.0,68.0,0.10294117647058823,0.5147058823529411,0.0,1.0,34.0,0.0,0.0,0.0,7.0,0.0,8.0
CH,102.0,1.0,40.0,0.125,0.6,0.0,0.0,24.0,0.0,0.0,0.0,3.0,0.0,4.0
CH,109.0,1.0,138.0,0.2028985507246377,0.5507246376811594,0.0,0.0,76.0,0.0,0.0,0.0,14.0,0.0,12.0
CH,110.0,1.0,10.0,0.5,0.0,0.0,0.0,0.0,0.0,0.0,0.0,4.0,0.0,0.0
CH,111.0,1.0,63.0,0.0,0.6507936507936508,0.0,0.0,0.0,0.0,41.0,0.0,17.0,0.0,3.0
CH,112.0,1.0,77.0,0.2077922077922078,0.4805194805194805,1.0,0.0,36.0,0.0,0.0,0.0,10.0,0.0,8.0
CH,218.0,50.0,128.0,0.328125,0.2265625,0.0,29.0,0.0,0.0,0.0,0.0,2.0,5.0,3.0
CH,219.0,60.0,225.0,0.3377777777777778,0.19555555555555557,0.0,41.0,0.0,3.0,0.0,0.0,1.0,8.0,12.0
CH,220.0,50.0,326.0,0.32515337423312884,0.20552147239263804,0.0,63.0,0.0,4.0,0.0,0.0,9.0,13.0,16.0
CH,221.0,20.0,265.0,0.3433962264150943,0.20754716981132076,1.0,54.0,0.0,0.0,0.0,0.0,7.0,15.0,10.0
CH,222.0,20.0,239.0,0.3472803347280335,0.2301255230125523,7.0,46.0,0.0,2.0,0.0,0.0,2.0,16.0,6.0
ES,22.0,98.0,1.0,1.0,0.0,0.0,0.0,0.0,0.0,0.0,0.0,0.0,0.0,0.0
ES,25.0,105.0,3.0,0.3333333333333333,0.3333333333333333,0.0,0.0,0.0,1.0,0.0,0.0,0.0,0.0,1.0
ES,52.0,1.0,2.0,0.0,0.0,0.0,0.0,0.0,0.0,0.0,0.0,0.0,0.0,2.0
ES,53.0,10.0,6.0,0.8333333333333334,0.16666666666666666,1.0,0.0,0.0,0.0,0.0,0.0,0.0,0.0,0.0
ES,54.0,10.0,12.0,0.5,0.16666666666666666,2.0,0.0,0.0,0.0,0.0,0.0,0.0,0.0,3.0
ES,55.0,30.0,22.0,0.2727272727272727,0.3181818181818182,7.0,0.0,0.0,0.0,0.0,0.0,0.0,0.0,6.0
ES,56.0,10.0,9.0,0.4444444444444444,0.3333333333333333,2.0,0.0,0.0,1.0,0.0,0.0,0.0,0.0,1.0
ES,63.0,10.0,8.0,0.25,0.0,0.0,0.0,0.0,0.0,0.0,0.0,0.0,0.0,3.0
ES,64.0,30.0,24.0,0.2916666666666667,0.375,6.0,0.0,0.0,3.0,0.0,0.0,0.0,0.0,5.0
ES,65.0,10.0,10.0,0.5,0.4,1.0,0.0,3.0,0.0,0.0,0.0,0.0,0.0,0.0
ES,83.0,1.0,25.0,0.52,0.12,1.0,0.0,0.0,2.0,0.0,0.0,1.0,1.0,1.0
ES,84.0,1.0,1.0,0.0,0.0,0.0,0.0,0.0,0.0,0.0,0.0,0.0,1.0,0.0
ES,85.0,1.0,1.0,1.0,0.0,0.0,0.0,0.0,0.0,0.0,0.0,0.0,0.0,0.0
ES,88.0,1.0,4.0,0.75,0.25,1.0,0.0,0.0,0.0,0.0,0.0,0.0,0.0,0.0
ES,89.0,10.0,5.0,0.0,1.0,3.0,0.0,1.0,1.0,0.0,0.0,0.0,0.0,0.0
ES,90.0,1.0,2.0,0.0,0.5,1.0,0.0,0.0,0.0,0.0,0.0,0.0,0.0,1.0
ES,98.0,38.0,4.0,0.0,0.0,0.0,0.0,0.0,0.0,0.0,0.0,1.0,0.0,3.0
ES,99.0,5.0,3.0,0.0,0.6666666666666666,0.0,0.0,0.0,2.0,0.0,0.0,0.0,0.0,1.0
ES,101.0,38.0,5.0,1.0,0.0,0.0,0.0,0.0,0.0,0.0,0.0,0.0,0.0,0.0
ES,109.0,5.0,1.0,1.0,0.0,0.0,0.0,0.0,0.0,0.0,0.0,0.0,0.0,0.0
ES,110.0,5.0,2.0,1.0,0.0,0.0,0.0,0.0,0.0,0.0,0.0,0.0,0.0,0.0
ES,111.0,5.0,5.0,1.0,0.0,0.0,0.0,0.0,0.0,0.0,0.0,0.0,0.0,0.0
ES,112.0,5.0,4.0,0.25,0.0,0.0,0.0,0.0,0.0,0.0,0.0,1.0,0.0,0.0
ES,218.0,1.0,1.0,0.0,1.0,0.0,0.0,0.0,1.0,0.0,0.0,0.0,0.0,0.0
ES,219.0,150.0,94.0,0.4148936170212766,0.0851063829787234,6.0,2.0,0.0,0.0,0.0,0.0,6.0,8.0,9.0
ES,220.0,1.0,24.0,0.375,0.041666666666666664,0.0,1.0,0.0,0.0,0.0,0.0,1.0,4.0,4.0
ES,221.0,250.0,244.0,0.6065573770491803,0.10655737704918032,3.0,16.0,0.0,7.0,0.0,0.0,2.0,22.0,11.0
ES,222.0,5.0,19.0,0.3157894736842105,0.05263157894736842,0.0,1.0,0.0,0.0,0.0,0.0,1.0,2.0,1.0
FR,22.0,38.0,1.0,1.0,0.0,0.0,0.0,0.0,0.0,0.0,0.0,0.0,0.0,0.0
FR,23.0,59.0,2.0,1.0,0.0,0.0,0.0,0.0,0.0,0.0,0.0,0.0,0.0,0.0
FR,24.0,20.0,2.0,0.5,0.0,0.0,0.0,0.0,0.0,0.0,0.0,0.0,0.0,1.0
FR,25.0,85.0,1.0,0.0,0.0,0.0,0.0,0.0,0.0,0.0,0.0,1.0,0.0,0.0
FR,52.0,150.0,122.0,0.47540983606557374,0.2540983606557377,29.0,0.0,2.0,0.0,0.0,0.0,0.0,0.0,25.0
FR,53.0,100.0,139.0,0.5323741007194245,0.2733812949640288,30.0,0.0,8.0,0.0,0.0,0.0,0.0,1.0,24.0
FR,54.0,150.0,104.0,0.5096153846153846,0.2403846153846154,24.0,0.0,1.0,0.0,0.0,0.0,0.0,0.0,25.0
FR,55.0,10.0,77.0,0.5064935064935064,0.22077922077922077,15.0,0.0,2.0,0.0,0.0,0.0,0.0,0.0,13.0
FR,56.0,1.0,80.0,0.425,0.275,16.0,0.0,6.0,0.0,0.0,0.0,0.0,0.0,24.0
FR,62.0,1.0,85.0,0.49411764705882355,0.25882352941176473,19.0,0.0,3.0,0.0,0.0,0.0,0.0,0.0,19.0
FR,63.0,37.0,32.0,0.5,0.3125,10.0,0.0,0.0,0.0,0.0,0.0,0.0,0.0,6.0
FR,65.0,200.0,101.0,0.5148514851485149,0.19801980198019803,16.0,0.0,4.0,0.0,0.0,0.0,0.0,0.0,18.0
FR,83.0,31.0,42.0,0.38095238095238093,0.21428571428571427,0.0,9.0,0.0,0.0,0.0,0.0,1.0,1.0,6.0
FR,84.0,0.0,34.0,0.5588235294117647,0.058823529411764705,0.0,2.0,0.0,0.0,0.0,0.0,0.0,1.0,2.0
FR,88.0,1.0,73.0,0.4383561643835616,0.3150684931506849,9.0,0.0,14.0,0.0,0.0,0.0,0.0,0.0,15.0
FR,89.0,1.0,26.0,0.46153846153846156,0.3076923076923077,2.0,0.0,6.0,0.0,0.0,0.0,0.0,0.0,4.0
FR,98.0,38.0,4.0,0.5,0.0,0.0,0.0,0.0,0.0,0.0,0.0,0.0,0.0,2.0
FR,99.0,50.0,7.0,0.5714285714285714,0.0,0.0,0.0,0.0,0.0,0.0,0.0,2.0,0.0,1.0
FR,100.0,38.0,8.0,0.5,0.0,0.0,0.0,0.0,0.0,0.0,0.0,0.0,0.0,3.0
FR,101.0,50.0,2.0,1.0,0.0,0.0,0.0,0.0,0.0,0.0,0.0,0.0,0.0,0.0
FR,102.0,20.0,11.0,0.5454545454545454,0.18181818181818182,0.0,0.0,2.0,0.0,0.0,0.0,1.0,0.0,1.0
FR,109.0,5.0,8.0,0.125,0.0,0.0,0.0,0.0,0.0,0.0,1.0,1.0,0.0,4.0
FR,110.0,5.0,6.0,0.5,0.16666666666666666,0.0,1.0,0.0,0.0,0.0,0.0,1.0,0.0,1.0
FR,111.0,5.0,8.0,0.625,0.0,0.0,0.0,0.0,0.0,0.0,0.0,0.0,0.0,2.0
FR,112.0,5.0,3.0,0.3333333333333333,0.3333333333333333,1.0,0.0,0.0,0.0,0.0,0.0,0.0,0.0,1.0
FR,218.0,20.0,209.0,0.36363636363636365,0.09090909090909091,0.0,19.0,0.0,0.0,0.0,0.0,4.0,7.0,28.0
FR,219.0,50.0,67.0,0.29850746268656714,0.07462686567164178,0.0,5.0,0.0,0.0,0.0,0.0,0.0,0.0,8.0
FR,220.0,0.0,110.0,0.42727272727272725,0.05454545454545454,1.0,5.0,0.0,0.0,0.0,0.0,3.0,3.0,11.0
FR,221.0,150.0,287.0,0.4878048780487805,0.04529616724738676,2.0,11.0,0.0,0.0,0.0,0.0,3.0,5.0,47.0
FR,222.0,0.0,16.0,0.3125,0.0,0.0,0.0,0.0,0.0,0.0,0.0,0.0,0.0,4.0
HU,24.0,105.0,1.0,1.0,0.0,0.0,0.0,0.0,0.0,0.0,0.0,0.0,0.0,0.0
HU,25.0,120.0,2.0,0.5,0.0,0.0,0.0,0.0,0.0,0.0,0.0,0.0,0.0,0.0
HU,52.0,1.0,22.0,0.6818181818181818,0.22727272727272727,4.0,0.0,0.0,1.0,0.0,0.0,0.0,0.0,2.0
HU,53.0,30.0,13.0,0.5384615384615384,0.15384615384615385,2.0,0.0,0.0,0.0,0.0,0.0,0.0,0.0,4.0
HU,54.0,10.0,2.0,1.0,0.0,0.0,0.0,0.0,0.0,0.0,0.0,0.0,0.0,0.0
HU,55.0,10.0,16.0,0.5,0.0625,1.0,0.0,0.0,0.0,0.0,0.0,0.0,0.0,6.0
HU,56.0,30.0,14.0,0.5714285714285714,0.14285714285714285,2.0,0.0,0.0,0.0,0.0,0.0,0.0,0.0,2.0
HU,62.0,30.0,20.0,0.45,0.5,10.0,0.0,0.0,0.0,0.0,0.0,0.0,0.0,1.0
HU,63.0,30.0,23.0,0.4782608695652174,0.21739130434782608,4.0,0.0,1.0,0.0,0.0,0.0,0.0,0.0,3.0
HU,64.0,90.0,8.0,0.375,0.625,5.0,0.0,0.0,0.0,0.0,0.0,0.0,0.0,0.0
HU,65.0,10.0,3.0,0.0,1.0,3.0,0.0,0.0,0.0,0.0,0.0,0.0,0.0,0.0
HU,83.0,30.0,13.0,0.5384615384615384,0.0,0.0,0.0,0.0,0.0,0.0,0.0,0.0,1.0,2.0
HU,84.0,1.0,22.0,0.45454545454545453,0.09090909090909091,1.0,0.0,0.0,1.0,0.0,0.0,0.0,3.0,0.0
HU,85.0,1.0,23.0,0.34782608695652173,0.0,0.0,0.0,0.0,0.0,0.0,0.0,0.0,1.0,2.0
HU,88.0,30.0,20.0,0.35,0.5,10.0,0.0,0.0,0.0,0.0,0.0,0.0,1.0,2.0
HU,89.0,10.0,2.0,0.5,0.0,0.0,0.0,0.0,0.0,0.0,0.0,0.0,0.0,1.0
HU,90.0,30.0,14.0,0.2857142857142857,0.42857142857142855,6.0,0.0,0.0,0.0,0.0,0.0,0.0,0.0,3.0
HU,98.0,38.0,1.0,0.0,0.0,0.0,0.0,0.0,0.0,0.0,0.0,0.0,0.0,0.0
HU,101.0,38.0,1.0,0.0,0.0,0.0,0.0,0.0,0.0,0.0,0.0,0.0,0.0,0.0
HU,109.0,5.0,1.0,1.0,0.0,0.0,0.0,0.0,0.0,0.0,0.0,0.0,0.0,0.0
HU,112.0,5.0,5.0,0.6,0.0,0.0,0.0,0.0,0.0,0.0,0.0,0.0,0.0,1.0
HU,218.0,100.0,20.0,0.6,0.0,0.0,0.0,0.0,0.0,0.0,0.0,0.0,1.0,0.0
HU,219.0,1.0,21.0,0.5714285714285714,0.09523809523809523,0.0,1.0,0.0,1.0,0.0,0.0,0.0,0.0,0.0
HU,220.0,1.0,61.0,0.6885245901639344,0.01639344262295082,0.0,1.0,0.0,0.0,0.0,0.0,0.0,10.0,6.0
HU,221.0,1.0,14.0,0.35714285714285715,0.14285714285714285,0.0,2.0,0.0,0.0,0.0,0.0,0.0,1.0,2.0
HU,222.0,100.0,25.0,0.6,0.08,0.0,0.0,0.0,2.0,0.0,0.0,0.0,3.0,2.0
IT,22.0,38.0,5.0,0.4,0.0,0.0,0.0,0.0,0.0,0.0,0.0,0.0,0.0,3.0
IT,23.0,38.0,4.0,0.5,0.0,0.0,0.0,0.0,0.0,0.0,0.0,0.0,0.0,2.0
IT,24.0,20.0,4.0,0.25,0.25,1.0,0.0,0.0,0.0,0.0,0.0,0.0,0.0,1.0
IT,25.0,45.0,3.0,0.3333333333333333,0.0,0.0,0.0,0.0,0.0,0.0,0.0,2.0,0.0,0.0
IT,26.0,60.0,8.0,0.5,0.0,0.0,0.0,0.0,0.0,0.0,0.0,0.0,0.0,3.0
IT,52.0,20.0,32.0,0.375,0.34375,8.0,0.0,3.0,0.0,0.0,0.0,0.0,0.0,7.0
IT,53.0,50.0,161.0,0.36645962732919257,0.37267080745341613,50.0,0.0,10.0,0.0,0.0,0.0,0.0,1.0,26.0
IT,54.0,200.0,231.0,0.329004329004329,0.37662337662337664,65.0,0.0,22.0,0.0,0.0,0.0,0.0,2.0,48.0
IT,55.0,40.0,99.0,0.26262626262626265,0.46464646464646464,32.0,0.0,14.0,0.0,0.0,0.0,0.0,0.0,20.0
IT,56.0,150.0,245.0,0.2857142857142857,0.44081632653061226,88.0,0.0,20.0,0.0,0.0,0.0,0.0,1.0,51.0
IT,62.0,80.0,144.0,0.3263888888888889,0.4861111111111111,52.0,0.0,18.0,0.0,0.0,0.0,0.0,1.0,15.0
IT,63.0,30.0,318.0,0.32075471698113206,0.3710691823899371,97.0,0.0,21.0,0.0,0.0,0.0,0.0,1.0,75.0
IT,64.0,20.0,33.0,0.30303030303030304,0.5454545454545454,15.0,0.0,3.0,0.0,0.0,0.0,0.0,0.0,5.0
IT,65.0,60.0,222.0,0.26576576576576577,0.4189189189189189,73.0,0.0,20.0,0.0,0.0,0.0,0.0,4.0,54.0
IT,83.0,1.0,3.0,0.3333333333333333,0.3333333333333333,0.0,1.0,0.0,0.0,0.0,0.0,0.0,0.0,0.0
IT,84.0,150.0,112.0,0.5,0.08928571428571429,0.0,10.0,0.0,0.0,0.0,0.0,0.0,8.0,11.0
IT,85.0,10.0,23.0,0.30434782608695654,0.13043478260869565,0.0,3.0,0.0,0.0,0.0,0.0,0.0,2.0,3.0
IT,88.0,0.0,8.0,0.25,0.625,4.0,0.0,1.0,0.0,0.0,0.0,0.0,0.0,1.0
IT,89.0,0.0,4.0,0.0,0.75,2.0,0.0,1.0,0.0,0.0,0.0,0.0,0.0,0.0
IT,90.0,0.0,15.0,0.3333333333333333,0.5333333333333333,4.0,0.0,4.0,0.0,0.0,0.0,0.0,0.0,2.0
IT,98.0,1.0,5.0,0.2,0.4,2.0,0.0,0.0,0.0,0.0,0.0,0.0,0.0,2.0
IT,99.0,1.0,7.0,0.2857142857142857,0.2857142857142857,1.0,0.0,1.0,0.0,0.0,0.0,2.0,0.0,0.0
IT,100.0,1.0,5.0,0.2,0.4,1.0,0.0,1.0,0.0,0.0,0.0,0.0,0.0,0.0
IT,101.0,10.0,13.0,0.3076923076923077,0.23076923076923078,1.0,0.0,2.0,0.0,0.0,0.0,2.0,0.0,2.0
IT,102.0,10.0,19.0,0.3684210526315789,0.3157894736842105,4.0,0.0,2.0,0.0,0.0,0.0,1.0,0.0,2.0
IT,109.0,1.0,28.0,0.17857142857142858,0.4642857142857143,3.0,1.0,9.0,0.0,0.0,0.0,0.0,0.0,4.0
IT,110.0,5.0,5.0,0.4,0.0,0.0,0.0,0.0,0.0,0.0,0.0,0.0,0.0,2.0
IT,111.0,5.0,9.0,0.2222222222222222,0.1111111111111111,0.0,0.0,1.0,0.0,0.0,0.0,0.0,0.0,3.0
IT,112.0,20.0,40.0,0.3,0.225,6.0,0.0,3.0,0.0,0.0,0.0,3.0,0.0,10.0
IT,218.0,15.0,24.0,0.4166666666666667,0.20833333333333334,2.0,3.0,0.0,0.0,0.0,0.0,0.0,1.0,1.0
IT,219.0,10.0,40.0,0.35,0.15,0.0,6.0,0.0,0.0,0.0,0.0,0.0,3.0,4.0
IT,220.0,1.0,72.0,0.2222222222222222,0.09722222222222222,0.0,7.0,0.0,0.0,0.0,0.0,0.0,7.0,6.0
IT,221.0,1.0,46.0,0.2608695652173913,0.13043478260869565,0.0,6.0,0.0,0.0,0.0,0.0,0.0,6.0,3.0
LT,24.0,20.0,2.0,0.0,0.0,0.0,0.0,0.0,0.0,0.0,2.0,0.0,0.0,0.0
LT,25.0,20.0,3.0,0.0,0.0,0.0,0.0,0.0,0.0,0.0,2.0,0.0,0.0,0.0
LT,52.0,1.0,219.0,0.0867579908675799,0.821917808219178,180.0,0.0,0.0,0.0,0.0,0.0,0.0,0.0,20.0
LT,53.0,1.0,159.0,0.07547169811320754,0.8176100628930818,130.0,0.0,0.0,0.0,0.0,0.0,0.0,0.0,17.0
LT,54.0,1.0,29.0,0.10344827586206896,0.896551724137931,25.0,0.0,1.0,0.0,0.0,0.0,0.0,0.0,0.0
LT,55.0,1.0,14.0,0.0,0.8571428571428571,12.0,0.0,0.0,0.0,0.0,0.0,0.0,0.0,2.0
LT,56.0,1.0,166.0,0.09036144578313253,0.7349397590361446,122.0,0.0,0.0,0.0,0.0,0.0,0.0,0.0,28.0
LT,62.0,1.0,17.0,0.058823529411764705,0.9411764705882353,16.0,0.0,0.0,0.0,0.0,0.0,0.0,0.0,0.0
LT,63.0,1.0,134.0,0.06716417910447761,0.7238805970149254,97.0,0.0,0.0,0.0,0.0,0.0,0.0,0.0,28.0
LT,64.0,5.0,178.0,0.12359550561797752,0.7471910112359551,132.0,0.0,1.0,0.0,0.0,0.0,0.0,0.0,19.0
LT,65.0,1.0,127.0,0.07874015748031496,0.7559055118110236,96.0,0.0,0.0,0.0,0.0,0.0,0.0,0.0,20.0
LT,83.0,1.0,28.0,0.07142857142857142,0.5357142857142857,1.0,14.0,0.0,0.0,0.0,0.0,0.0,2.0,4.0
LT,84.0,1.0,22.0,0.0,0.4090909090909091,1.0,8.0,0.0,0.0,0.0,0.0,0.0,4.0,1.0
LT,85.0,1.0,143.0,0.09090909090909091,0.36363636363636365,2.0,50.0,0.0,0.0,0.0,0.0,8.0,18.0,8.0
LT,88.0,1.0,34.0,0.08823529411764706,0.7941176470588235,27.0,0.0,0.0,0.0,0.0,0.0,0.0,0.0,4.0
LT,89.0,1.0,17.0,0.35294117647058826,0.5882352941176471,10.0,0.0,0.0,0.0,0.0,0.0,0.0,0.0,1.0
LT,90.0,1.0,107.0,0.12149532710280374,0.7009345794392523,74.0,0.0,0.0,1.0,0.0,0.0,0.0,0.0,19.0
LT,98.0,38.0,2.0,0.5,0.0,0.0,0.0,0.0,0.0,0.0,0.0,0.0,0.0,0.0
LT,99.0,38.0,1.0,0.0,0.0,0.0,0.0,0.0,0.0,0.0,1.0,0.0,0.0,0.0
LT,101.0,38.0,4.0,0.0,0.25,1.0,0.0,0.0,0.0,0.0,2.0,0.0,0.0,0.0
LT,102.0,38.0,4.0,0.0,0.0,0.0,0.0,0.0,0.0,0.0,3.0,1.0,0.0,0.0
LT,109.0,5.0,58.0,0.06896551724137931,0.10344827586206896,6.0,0.0,0.0,0.0,0.0,30.0,1.0,0.0,5.0
LT,110.0,5.0,19.0,0.2631578947368421,0.21052631578947367,4.0,0.0,0.0,0.0,0.0,7.0,0.0,0.0,2.0
LT,111.0,5.0,64.0,0.0625,0.15625,10.0,0.0,0.0,0.0,0.0,34.0,2.0,0.0,4.0
LT,112.0,5.0,86.0,0.06976744186046512,0.1511627906976744,13.0,0.0,0.0,0.0,0.0,32.0,26.0,0.0,5.0
LT,218.0,5.0,223.0,0.14798206278026907,0.4977578475336323,5.0,106.0,0.0,0.0,0.0,0.0,5.0,26.0,5.0
LT,219.0,1.0,4.0,0.0,0.5,0.0,2.0,0.0,0.0,0.0,0.0,0.0,2.0,0.0
LT,220.0,1.0,297.0,0.11447811447811448,0.39730639730639733,5.0,113.0,0.0,0.0,0.0,0.0,17.0,34.0,9.0
LT,221.0,1.0,353.0,0.1501416430594901,0.3597733711048159,5.0,122.0,0.0,0.0,0.0,0.0,17.0,48.0,26.0
LT,222.0,1.0,32.0,0.0625,0.46875,2.0,13.0,0.0,0.0,0.0,0.0,0.0,4.0,0.0
,,,,,,,,,,,,,,
,,,,,,,,,,,,,,
,,,,,,,,,,,,,,
,,,,,,,,,,,,,,
,,,,,,,,,,,,,,
,,,,,,,,,,,,,,
,,,,,,,,,,,,,,
,,,,,,,,,,,,,,
,,,,,,,,,,,,,,
,,,,,,,,,,,,,,
,,,,,,,,,,,,,,
,,,,,,,,,,,,,,
,,,,,,,,,,,,,,
,,,,,,,,,,,,,,
,,,,,,,,,,,,,,
,,,,,,,,,,,,,,
,,,,,,,,,,,,,,
,,,,,,,,,,,,,,
,,,,,,,,,,,,,,
,,,,,,,,,,,,,,
,,,,,,,,,,,,,,
,,,,,,,,,,,,,,
,,,,,,,,,,,,,,
,,,,,,,,,,,,,,
,,,,,,,,,,,,,,
,,,,,,,,,,,,,,
,,,,,,,,,,,,,,
,,,,,,,,,,,,,,
,,,,,,,,,,,,,,
,,,,,,,,,,,,,,
,,,,,,,,,,,,,,
,,,,,,,,,,,,,,
,,,,,,,,,,,,,,
,,,,,,,,,,,,,,
,,,,,,,,,,,,,,
,,,,,,,,,,,,,,
,,,,,,,,,,,,,,
,,,,,,,,,,,,,,
,,,,,,,,,,,,,,
,,,,,,,,,,,,,,
,,,,,,,,,,,,,,
,,,,,,,,,,,,,,
,,,,,,,,,,,,,,
,,,,,,,,,,,,,,
,,,,,,,,,,,,,,
,,,,,,,,,,,,,,
,,,,,,,,,,,,,,
,,,,,,,,,,,,,,
,,,,,,,,,,,,,,
,,,,,,,,,,,,,,
,,,,,,,,,,,,,,
,,,,,,,,,,,,,,
,,,,,,,,,,,,,,
,,,,,,,,,,,,,,
,,,,,,,,,,,,,,
,,,,,,,,,,,,,,
,,,,,,,,,,,,,,
,,,,,,,,,,,,,,
,,,,,,,,,,,,,,
,,,,,,,,,,,,,,
,,,,,,,,,,,,,,
,,,,,,,,,,,,,,
,,,,,,,,,,,,,,
,,,,,,,,,,,,,,
,,,,,,,,,,,,,,
,,,,,,,,,,,,,,
,,,,,,,,,,,,,,
,,,,,,,,,,,,,,
,,,,,,,,,,,,,,
,,,,,,,,,,,,,,
,,,,,,,,,,,,,,
,,,,,,,,,,,,,,
,,,,,,,,,,,,,,
,,,,,,,,,,,,,,
,,,,,,,,,,,,,,
,,,,,,,,,,,,,,
,,,,,,,,,,,,,,
,,,,,,,,,,,,,,
,,,,,,,,,,,,,,
,,,,,,,,,,,,,,
,,,,,,,,,,,,,,
,,,,,,,,,,,,,,
,,,,,,,,,,,,,,
,,,,,,,,,,,,,,
,,,,,,,,,,,,,,
,,,,,,,,,,,,,,
,,,,,,,,,,,,,,
,,,,,,,,,,,,,,
,,,,,,,,,,,,,,
,,,,,,,,,,,,,,
,,,,,,,,,,,,,,
,,,,,,,,,,,,,,
,,,,,,,,,,,,,,
,,,,,,,,,,,,,,
,,,,,,,,,,,,,,
,,,,,,,,,,,,,,
,,,,,,,,,,,,,,
,,,,,,,,,,,,,,
,,,,,,,,,,,,,,
,,,,,,,,,,,,,,
,,,,,,,,,,,,,,
,,,,,,,,,,,,,,
,,,,,,,,,,,,,,
,,,,,,,,,,,,,,
,,,,,,,,,,,,,,
,,,,,,,,,,,,,,
,,,,,,,,,,,,,,
,,,,,,,,,,,,,,
,,,,,,,,,,,,,,
,,,,,,,,,,,,,,
,,,,,,,,,,,,,,
,,,,,,,,,,,,,,
,,,,,,,,,,,,,,
,,,,,,,,,,,,,,
,,,,,,,,,,,,,,
,,,,,,,,,,,,,,
,,,,,,,,,,,,,,
,,,,,,,,,,,,,,
,,,,,,,,,,,,,,
,,,,,,,,,,,,,,
,,,,,,,,,,,,,,
,,,,,,,,,,,,,,
,,,,,,,,,,,,,,
,,,,,,,,,,,,,,
,,,,,,,,,,,,,,
,,,,,,,,,,,,,,
,,,,,,,,,,,,,,
,,,,,,,,,,,,,,
,,,,,,,,,,,,,,
,,,,,,,,,,,,,,
,,,,,,,,,,,,,,
,,,,,,,,,,,,,,
,,,,,,,,,,,,,,
,,,,,,,,,,,,,,
,,,,,,,,,,,,,,
,,,,,,,,,,,,,,
,,,,,,,,,,,,,,
,,,,,,,,,,,,,,
,,,,,,,,,,,,,,
,,,,,,,,,,,,,,
,,,,,,,,,,,,,,
,,,,,,,,,,,,,,
,,,,,,,,,,,,,,
,,,,,,,,,,,,,,
,,,,,,,,,,,,,,
,,,,,,,,,,,,,,
,,,,,,,,,,,,,,
,,,,,,,,,,,,,,
,,,,,,,,,,,,,,
,,,,,,,,,,,,,,
,,,,,,,,,,,,,,
ZA,222.0,30.0,1.0,0.0,0.0,0.0,0.0,0.0,0.0,0.0,0.0,0.0,0.0,1.0
